design_id,file,assignment_split,visual_palette_group
D01_black_white_border,h_img_34590.jpg,train,not_annotated
D01_black_white_border,img_399807.jpg,train,not_annotated
D01_black_white_border,img_445986.jpg,train,not_annotated
D01_black_white_border,img_744464.jpg,train,not_annotated
D01_black_white_border,img_748887.jpg,train,not_annotated
D02_gold_trellis,h_img_93057.jpg,train,not_annotated
D02_gold_trellis,img_277936.jpg,train,not_annotated
D02_gold_trellis,img_289910.jpg,train,not_annotated
D02_gold_trellis,img_475101.jpg,train,not_annotated
D02_gold_trellis,img_578936.jpg,train,not_annotated
D03_red_gold_paisley,img_26850.jpg,train,not_annotated
D03_red_gold_paisley,img_341437.jpg,train,not_annotated
D03_red_gold_paisley,img_541390.jpg,train,not_annotated
D03_red_gold_paisley,img_635895.jpg,train,not_annotated
D03_red_gold_paisley,img_834923.jpg,train,not_annotated
D04_red_gold_diamond,img_364907.jpg,train,not_annotated
D04_red_gold_diamond,img_638094.jpg,train,not_annotated
D04_red_gold_diamond,img_828414.jpg,train,not_annotated
D04_red_gold_diamond,img_85121.jpg,train,not_annotated
D04_red_gold_diamond,img_892336.jpg,train,not_annotated
D05_black_floral_cream,img_115196.jpg,train,not_annotated
D05_black_floral_cream,img_153688.jpg,train,not_annotated
D05_black_floral_cream,img_442389.jpg,train,not_annotated
D05_black_floral_cream,img_741740.jpg,train,not_annotated
D06_black_floral_repeat,img_260919.jpg,train,not_annotated
D06_black_floral_repeat,img_429922.jpg,train,not_annotated
D06_black_floral_repeat,img_565213.jpg,train,not_annotated
D06_black_floral_repeat,img_927463.jpg,train,not_annotated
D06_black_floral_repeat,img_955789.jpg,train,not_annotated
D07_multicolor_diamond,img_337700.jpg,val,not_annotated
D07_multicolor_diamond,img_369469.jpg,val,not_annotated
D07_multicolor_diamond,img_540343.jpg,val,not_annotated
D07_multicolor_diamond,img_61951.jpg,val,not_annotated
D07_multicolor_diamond,img_642784.jpg,val,not_annotated
D08_purple_gold_rosette,h_img_132981.jpg,train,not_annotated
D08_purple_gold_rosette,img_354459.jpg,train,not_annotated
D08_purple_gold_rosette,img_447852.jpg,train,not_annotated
D08_purple_gold_rosette,img_884336.jpg,train,not_annotated
D08_purple_gold_rosette,img_960789.jpg,train,not_annotated
D09_red_black_foliage,h_img_593526.jpg,train,not_annotated
D09_red_black_foliage,img_257108.jpg,train,not_annotated
D09_red_black_foliage,img_261444.jpg,train,not_annotated
D09_red_black_foliage,img_381577.jpg,train,not_annotated
D09_red_black_foliage,img_845893.jpg,train,not_annotated
D10_olive_floral,h_img_76108.jpg,test,olive_light
D10_olive_floral,img_270633.jpg,test,olive_light
D10_olive_floral,img_667809.jpg,test,olive_pink
D10_olive_floral,img_881252.jpg,test,olive_pink
D10_olive_floral,img_915919.jpg,test,olive_pink
D11_multicolor_scatter,img_175884.jpg,test,unknown_unannotated
D11_multicolor_scatter,img_339968.jpg,test,unknown_unannotated
D11_multicolor_scatter,img_764354.jpg,test,unknown_unannotated
D11_multicolor_scatter,img_961476.jpg,test,unknown_unannotated
D11_multicolor_scatter,img_978752.jpg,test,unknown_unannotated
D12_multicolor_circles,h_img_44440.jpg,test,cream
D12_multicolor_circles,img_417511.jpg,test,mint
D12_multicolor_circles,img_65263.jpg,test,mint
D12_multicolor_circles,img_678193.jpg,test,mint
D12_multicolor_circles,img_82256.jpg,test,mint
D13_red_green_border,h_img_31665.jpg,train,not_annotated
D13_red_green_border,img_120749.jpg,train,not_annotated
D13_red_green_border,img_142355.jpg,train,not_annotated
D13_red_green_border,img_48825.jpg,train,not_annotated
D13_red_green_border,img_678178.jpg,train,not_annotated
D14_gold_branch,img_232079.jpg,val,not_annotated
D14_gold_branch,img_346343.jpg,val,not_annotated
D14_gold_branch,img_614731.jpg,val,not_annotated
D14_gold_branch,img_635738.jpg,val,not_annotated
D14_gold_branch,img_68235.jpg,val,not_annotated
D15_red_gold_centerpiece,img_239226.jpg,val,not_annotated
D15_red_gold_centerpiece,img_67123.jpg,val,not_annotated
D15_red_gold_centerpiece,img_927947.jpg,val,not_annotated
D16_blue_gold_motif,img_10959.jpg,test,deep_blue
D16_blue_gold_motif,img_275183.jpg,test,deep_blue
D16_blue_gold_motif,img_40145.jpg,test,blue_accent
D16_blue_gold_motif,img_556574.jpg,test,blue_accent
D16_blue_gold_motif,img_7150.jpg,test,deep_blue
D17_beige_purple_motif,img_413996.jpg,val,not_annotated
D17_beige_purple_motif,img_450212.jpg,val,not_annotated
D17_beige_purple_motif,img_477984.jpg,val,not_annotated
D17_beige_purple_motif,img_635336.jpg,val,not_annotated
D17_beige_purple_motif,img_648754.jpg,val,not_annotated
D18_red_flower_repeat,img_54863.jpg,train,not_annotated
D18_red_flower_repeat,img_578081.jpg,train,not_annotated
D18_red_flower_repeat,img_688109.jpg,train,not_annotated
D18_red_flower_repeat,img_746861.jpg,train,not_annotated
D18_red_flower_repeat,img_966256.jpg,train,not_annotated
D19_pink_floral_pallu,img_110820.jpg,val,not_annotated
D19_pink_floral_pallu,img_2469.jpg,val,not_annotated
D19_pink_floral_pallu,img_246854.jpg,val,not_annotated
D19_pink_floral_pallu,img_32852.jpg,val,not_annotated
D19_pink_floral_pallu,img_385960.jpg,val,not_annotated
D19_pink_floral_pallu,img_718326.jpg,val,not_annotated
D19_pink_floral_pallu,img_917853.jpg,val,not_annotated
D20_pink_palm,h_img_35259.jpg,train,not_annotated
D20_pink_palm,img_489839.jpg,train,not_annotated
D20_pink_palm,img_694883.jpg,train,not_annotated
D20_pink_palm,img_789127.jpg,train,not_annotated
D20_pink_palm,img_90832.jpg,train,not_annotated
