path,design_id,colorway_id,split
h_img_34590.jpg,D01_black_white_border,not_annotated,train
img_399807.jpg,D01_black_white_border,not_annotated,train
img_445986.jpg,D01_black_white_border,not_annotated,train
img_744464.jpg,D01_black_white_border,not_annotated,train
img_748887.jpg,D01_black_white_border,not_annotated,train
h_img_93057.jpg,D02_gold_trellis,not_annotated,train
img_277936.jpg,D02_gold_trellis,not_annotated,train
img_289910.jpg,D02_gold_trellis,not_annotated,train
img_475101.jpg,D02_gold_trellis,not_annotated,train
img_578936.jpg,D02_gold_trellis,not_annotated,train
img_26850.jpg,D03_red_gold_paisley,not_annotated,train
img_341437.jpg,D03_red_gold_paisley,not_annotated,train
img_541390.jpg,D03_red_gold_paisley,not_annotated,train
img_635895.jpg,D03_red_gold_paisley,not_annotated,train
img_834923.jpg,D03_red_gold_paisley,not_annotated,train
img_364907.jpg,D04_red_gold_diamond,not_annotated,train
img_638094.jpg,D04_red_gold_diamond,not_annotated,train
img_828414.jpg,D04_red_gold_diamond,not_annotated,train
img_85121.jpg,D04_red_gold_diamond,not_annotated,train
img_892336.jpg,D04_red_gold_diamond,not_annotated,train
img_115196.jpg,D05_black_floral_cream,not_annotated,train
img_153688.jpg,D05_black_floral_cream,not_annotated,train
img_442389.jpg,D05_black_floral_cream,not_annotated,train
img_741740.jpg,D05_black_floral_cream,not_annotated,train
img_260919.jpg,D06_black_floral_repeat,not_annotated,train
img_429922.jpg,D06_black_floral_repeat,not_annotated,train
img_565213.jpg,D06_black_floral_repeat,not_annotated,train
img_927463.jpg,D06_black_floral_repeat,not_annotated,train
img_955789.jpg,D06_black_floral_repeat,not_annotated,train
img_337700.jpg,D07_multicolor_diamond,not_annotated,val
img_369469.jpg,D07_multicolor_diamond,not_annotated,val
img_540343.jpg,D07_multicolor_diamond,not_annotated,val
img_61951.jpg,D07_multicolor_diamond,not_annotated,val
img_642784.jpg,D07_multicolor_diamond,not_annotated,val
h_img_132981.jpg,D08_purple_gold_rosette,not_annotated,train
img_354459.jpg,D08_purple_gold_rosette,not_annotated,train
img_447852.jpg,D08_purple_gold_rosette,not_annotated,train
img_884336.jpg,D08_purple_gold_rosette,not_annotated,train
img_960789.jpg,D08_purple_gold_rosette,not_annotated,train
h_img_593526.jpg,D09_red_black_foliage,not_annotated,train
img_257108.jpg,D09_red_black_foliage,not_annotated,train
img_261444.jpg,D09_red_black_foliage,not_annotated,train
img_381577.jpg,D09_red_black_foliage,not_annotated,train
img_845893.jpg,D09_red_black_foliage,not_annotated,train
h_img_76108.jpg,D10_olive_floral,olive_light,gallery
img_270633.jpg,D10_olive_floral,olive_light,gallery
img_667809.jpg,D10_olive_floral,olive_pink,query
img_881252.jpg,D10_olive_floral,olive_pink,query
img_915919.jpg,D10_olive_floral,olive_pink,query
img_175884.jpg,D11_multicolor_scatter,unknown_unannotated,gallery
img_339968.jpg,D11_multicolor_scatter,unknown_unannotated,gallery
img_764354.jpg,D11_multicolor_scatter,unknown_unannotated,query
img_961476.jpg,D11_multicolor_scatter,unknown_unannotated,query
img_978752.jpg,D11_multicolor_scatter,unknown_unannotated,query
h_img_44440.jpg,D12_multicolor_circles,cream,gallery
img_417511.jpg,D12_multicolor_circles,mint,query
img_65263.jpg,D12_multicolor_circles,mint,query
img_678193.jpg,D12_multicolor_circles,mint,query
img_82256.jpg,D12_multicolor_circles,mint,query
h_img_31665.jpg,D13_red_green_border,not_annotated,train
img_120749.jpg,D13_red_green_border,not_annotated,train
img_142355.jpg,D13_red_green_border,not_annotated,train
img_48825.jpg,D13_red_green_border,not_annotated,train
img_678178.jpg,D13_red_green_border,not_annotated,train
img_232079.jpg,D14_gold_branch,not_annotated,val
img_346343.jpg,D14_gold_branch,not_annotated,val
img_614731.jpg,D14_gold_branch,not_annotated,val
img_635738.jpg,D14_gold_branch,not_annotated,val
img_68235.jpg,D14_gold_branch,not_annotated,val
img_239226.jpg,D15_red_gold_centerpiece,not_annotated,val
img_67123.jpg,D15_red_gold_centerpiece,not_annotated,val
img_927947.jpg,D15_red_gold_centerpiece,not_annotated,val
img_10959.jpg,D16_blue_gold_motif,deep_blue,gallery
img_275183.jpg,D16_blue_gold_motif,deep_blue,gallery
img_40145.jpg,D16_blue_gold_motif,blue_accent,query
img_556574.jpg,D16_blue_gold_motif,blue_accent,query
img_7150.jpg,D16_blue_gold_motif,deep_blue,gallery
img_413996.jpg,D17_beige_purple_motif,not_annotated,val
img_450212.jpg,D17_beige_purple_motif,not_annotated,val
img_477984.jpg,D17_beige_purple_motif,not_annotated,val
img_635336.jpg,D17_beige_purple_motif,not_annotated,val
img_648754.jpg,D17_beige_purple_motif,not_annotated,val
img_54863.jpg,D18_red_flower_repeat,not_annotated,train
img_578081.jpg,D18_red_flower_repeat,not_annotated,train
img_688109.jpg,D18_red_flower_repeat,not_annotated,train
img_746861.jpg,D18_red_flower_repeat,not_annotated,train
img_966256.jpg,D18_red_flower_repeat,not_annotated,train
img_110820.jpg,D19_pink_floral_pallu,not_annotated,val
img_2469.jpg,D19_pink_floral_pallu,not_annotated,val
img_246854.jpg,D19_pink_floral_pallu,not_annotated,val
img_32852.jpg,D19_pink_floral_pallu,not_annotated,val
img_385960.jpg,D19_pink_floral_pallu,not_annotated,val
img_718326.jpg,D19_pink_floral_pallu,not_annotated,val
img_917853.jpg,D19_pink_floral_pallu,not_annotated,val
h_img_35259.jpg,D20_pink_palm,not_annotated,train
img_489839.jpg,D20_pink_palm,not_annotated,train
img_694883.jpg,D20_pink_palm,not_annotated,train
img_789127.jpg,D20_pink_palm,not_annotated,train
img_90832.jpg,D20_pink_palm,not_annotated,train
